id;data;data_content_type;file_name;created_date;created_by;last_modified_date;last_modified_by
1;../fake-data/blob/hipster.png;image/png;generate;2020-10-31T09:34:53;Focused;2020-10-31T23:25:01;productivity
2;../fake-data/blob/hipster.png;image/png;networks;2020-11-01T06:02:31;invoice robust;2020-11-01T01:35:18;Alabama withdrawal
3;../fake-data/blob/hipster.png;image/png;THX Minnesota;2020-10-31T18:54:06;Cotton optimize B2C;2020-10-31T22:48:54;payment Representative
4;../fake-data/blob/hipster.png;image/png;Heard Island and McDonald Islands;2020-11-01T05:03:26;Minnesota Functionality Tanzanian Shilling;2020-10-31T21:25:54;New Zealand Bedfordshire
5;../fake-data/blob/hipster.png;image/png;context-sensitive;2020-10-31T22:46:20;Architect;2020-11-01T05:40:15;Netherlands Antilles Colorado
6;../fake-data/blob/hipster.png;image/png;New Jersey Electronics;2020-11-01T05:06:49;invoice North Carolina;2020-10-31T21:03:22;Profit-focused
7;../fake-data/blob/hipster.png;image/png;Arizona Object-based;2020-10-31T21:51:52;Latvian Lats;2020-10-31T19:18:42;Underpass Iowa
8;../fake-data/blob/hipster.png;image/png;program synthesizing;2020-10-31T16:36:45;Future Car Unbranded Rubber Tuna;2020-10-31T11:45:38;parallelism
9;../fake-data/blob/hipster.png;image/png;CFP Franc Falkland Islands Pound;2020-11-01T06:13:46;synthesizing;2020-10-31T08:31:26;California Executive New Hampshire
10;../fake-data/blob/hipster.png;image/png;white bandwidth;2020-10-31T19:41:51;calculating Clothing channels;2020-10-31T10:15:20;fuchsia Frozen
