id;status;comment;created_date;created_by;last_modified_date;last_modified_by
1;DRAFT;extend Supervisor national;2020-10-31T19:19:54;Sausages maroon synergistic;2020-10-31T22:32:13;withdrawal Home Loan Account
2;GENERATED;Cambridgeshire Field;2020-11-01T04:03:07;e-commerce haptic Proactive;2020-10-31T10:32:47;Operations Tactics Borders
3;SENT;Realigned RSS;2020-11-01T04:51:30;Cambridgeshire;2020-10-31T18:40:16;connecting Facilitator Checking Account
4;DRAFT;Concrete input CSS;2020-10-31T14:52:41;Legacy interfaces well-modulated;2020-10-31T21:59:56;Liaison turquoise
5;GENERATED;Checking Account Handcrafted Cotton Cheese Analyst;2020-10-31T19:03:18;time-frame synergize;2020-10-31T08:12:03;Frozen customer loyalty
6;DRAFT;hardware;2020-11-01T05:55:50;synthesizing;2020-10-31T23:57:40;Home holistic
7;PAID;discrete International SQL;2020-10-31T14:50:57;Vermont;2020-11-01T01:20:44;Orchestrator
8;VOIDED;payment;2020-10-31T09:48:44;Money Market Account;2020-10-31T23:55:50;Tanzanian Shilling transmitter
9;PAID;Uganda Shilling Fords;2020-10-31T10:26:04;Digitized Home Loan Account Mills;2020-10-31T17:36:16;turn-key
10;SENT;Seychelles Rupee;2020-11-01T01:49:06;connect Music Health;2020-10-31T11:41:20;Georgia Ireland plum
