id;address;street_address;city;state_province;country;postal_code;latitude;longitude;created_date;created_by;last_modified_date;last_modified_by
1;Secured productize;schemas;Octaviafurt;olive Ghana Games;CANADA;Savings Account cross-platform Colombia;5581;77939;2020-10-31T22:56:23;e-enable feed;2020-10-31T10:08:36;Liaison Chief
2;Sports Falkland Islands (Malvinas) cross-platform;index bricks-and-clicks Secured;Granthaven;Savings Account Reverse-engineered;MEXICO;Rustic;50391;27617;2020-10-31T10:14:21;Outdoors;2020-10-31T16:10:37;pink
3;Refined;Delaware Diverse Northern Mariana Islands;Ruthefort;SDD;MEXICO;auxiliary parsing generate;54460;96713;2020-10-31T15:38:34;analyzer;2020-11-01T05:14:24;JSON extend Fully-configurable
4;infrastructure EXE;Exclusive Incredible Fresh Keyboard;Fredericshire;Beauty Fantastic Plastic Computer;MEXICO;Soft Tactics redundant;68352;53704;2020-10-31T17:07:13;deposit synthesize;2020-10-31T14:53:43;Bedfordshire JBOD
5;Cambridgeshire pixel Jewelery;Awesome Granite Bacon;Heathcotetown;Key Fresh auxiliary;MEXICO;TCP Mauritius;95297;71443;2020-10-31T20:26:15;teal;2020-11-01T03:33:46;methodologies
6;bandwidth CSS Nicaragua;synthesize copying;Dachfurt;intranet payment;USA;generating holistic Colorado;46962;33157;2020-10-31T06:57:05;Gardens Automotive;2020-10-31T07:40:34;Indian Rupee Ngultrum viral
7;Haven haptic;Director turn-key approach;Greenholtbury;backing up Configuration;CANADA;Accounts;46873;59244;2020-10-31T20:49:47;Movies;2020-10-31T09:41:17;Fresh
8;Liberia quantifying;payment eyeballs Home Loan Account;East Albinmouth;International Hollow;MEXICO;purple;48240;20846;2020-10-31T17:03:28;parsing web-readiness;2020-11-01T01:34:20;SMS Concrete Optimization
9;transitional;SCSI Investment Account Shoals;South Anais;Arkansas;USA;overriding input;11878;56059;2020-10-31T18:39:44;quantify Michigan;2020-11-01T02:01:01;Barbados
10;JBOD;Internal;Port Kane;bandwidth card Avon;MEXICO;Technician Zimbabwe primary;21913;26670;2020-10-31T16:13:06;leverage online;2020-10-31T20:36:37;withdrawal Granite
